85-89,6,Vladimir,Ouchakof,I,89,CONN,053G-01S5J,1320
60-64,102,Ken,Rausch,J,63,PMST,5437-0617K,1400
30-34,66,Nathan,Hagglund,C,34,NEM,023R-084SN,1600
30-34,65,Bryan,Beary,T,31,AGUA,063T-02ZBV,1700
75-79,21,Charles,Martin,A,77,NEM,023V-083W5,1700
90-94,2,Charles,Bushey,L,91,OREG,373V-0262N,1705
85-89,5,John,Collings,J,85,MARY,093R-01V2W,1750
80-84,13,Finley,Marshall,D,82,DAM,383G-07UWE,1760
70-74,48,William,Ragan,E,70,FMM,143S-02SVK,1800
70-74,47,Ken,Fligsten,E,74,MARY,093T-065VD,1835
65-69,79,Russ,Desserich,W,69,INDY,1636-02AC5,1850
80-84,12,Captane,Thomson,P,82,DAM,3837-03J9G,1890
55-59,172,Daniel,Kossmann,J,56,NEM,023J-085H1,1935
55-59,171,Richard,Davis,A,59,AGUA,063U-07XCK,1950
65-69,78,Richard,Smith,W,66,NEM,023W-046VX,1950
65-69,77,Robert,Cox,K,69,ARIZ,483R-085FY,1985
75-79,20,Joseph,O'Flaherty,N,78,DAM,383S-040H0,2065
65-69,75,David,Rocke,M,66,DAM,3833-06MY1,2145
35-39,91,Frederick,Felten,F,39,SCA,333A-07N8K,2150
70-74,46,Gerald,Bowes,W,73,DAM,383F-03GYE,2150
70-74,45,Tom,Jones,A,71,NEM,023D-033NA,2160
75-79,19,Joseph,Wilson,W,78,SKY,413Z-01WJT,2215
75-79,17,Robert,Crummey,O,76,DAM,383P-03JFG,2230
80-84,10,Thomas,Weber,W,82,NIAG,043N-01X8P,2245
85-89,3,Robert,Williams,M,85,FMM,143Y-02RDH,2290
80-84,9,Charles,Schlegel,H,82,FMM,143B-02RE3,2300
30-34,62,Anders,Stachelek,J,31,TNYA,063J-0834C,2310
85-89,2,Robert,Sigersmith,E,88,NEM,023C-02RUA,2325
55-59,168,Gregory,Rotole,S,58,FMM,143Z-02RFK,2350
65-69,72,Mervyn,Hough,H,68,MINN,3034-024Y3,2370
65-69,71,Steven,McDanal,K,69,CMS,323U-030A7,2375
65-69,70,Juan,Brummett,H,67,COM,5336-07YWG,2400
70-74,44,Trent,Toensing,D,73,NEM,023A-0346R,2400
45-49,163,Dan,Navilliat,G,47,NEM,023S-085KY,2425
70-74,43,Dennis,Rich,M,74,NEM,023M-07J3N,2425
75-79,14,Albert,Bryan,H,76,ARIZ,483W-06RJ6,2425
65-69,69,Robert,Byard,J,69,MOST,433A-0826T,2430
75-79,13,Robert,McCormack,L,75,NEM,023Y-0354N,2430
50-54,192,James,Stokoe,C,52,CVMM,3331-07V3G,2445
50-54,190,Mark,Dorazio,E,54,MOST,433X-04KT7,2450
70-74,42,Robert,Boynton,F,72,NEM,0235-07NS7,2470
55-59,167,Andrew,Peters,L,55,PSM,363U-0837A,2480
18-24,38,Byron,Aberle,A,21,DAM,383D-080BX,2500
80-84,8,James,Pitts,T,82,FMM,143R-02RDS,2500
55-59,164,Joseph,Breit,S,59,PSM,363W-082XE,2545
40-44,142,Kevin,Yao,C,41,AGUA,0633-035TR,2550
50-54,189,Robert,Bliss,Z,52,AGUA,063Z-02Y60,2550
55-59,162,Allen,Corrigan,F,56,O*H*,183S-07JP1,2550
55-59,162,John,Youmans,E,55,DAM,3834-04ZE5,2550
55-59,161,Dave,Stanfield,L,59,PSM,363U-07HPU,2560
35-39,90,Christopher,Staples,F,38,TNYA,063S-05SBR,2570
80-84,7,Gerald,Kraus,J,81,SRPM,0230-0477E,2575
45-49,159,Keith,Nelson,W,48,SPM,1434-0655S,2590
55-59,160,Armando,Garbero,D,58,NEM,023F-03429,2590
50-54,187,Glenn,Herrera,A,53,ART,453G-02D9C,2600
35-39,89,Craig,Goodwin,D,35,TNYA,063E-07HFJ,2615
50-54,186,Steven,Salverson,M,52,PMST,5435-06M4B,2625
65-69,67,Raymond,Lemoine,L,66,NEM,023U-07U1P,2625
80-84,5,Louis,Raiborn,M,81,MOST,433G-06221,2625
35-39,88,Milind,Mahajan,P,39,SCA,333S-076N5,2635
30-34,61,Joseph,Lim,S,30,TNYA,063A-04BUA,2645
60-64,99,John,Koteles,P,62,NEM,023E-083AP,2650
65-69,66,Peter,Santi,A,65,ITMS,303J-07D9D,2650
60-64,98,Randall,Fields,H,64,MOST,4338-02RC4,2680
50-54,185,Dale,Perzanowski,D,54,NEM,023E-05GZ9,2700
60-64,97,Mark,Johnson,C,60,NEM,0235-07U84,2710
50-54,184,Andrew,Pomerantz,S,52,UCLA,333B-039ZK,2735
75-79,11,William,Murray,T,75,NEM,023M-033S3,2740
60-64,96,Patrick,Barrett,L,63,SWYM,2535-07K4T,2745
45-49,156,Jilber,Jamgochyan,S,46,SCA,3336-07XAU,2760
45-49,156,Clifford,Smith,D,49,DAM,3835-06TBW,2760
50-54,183,James,Piper,L,52,NEM,0235-082Y1,2760
50-54,182,Brian,Young,J,51,MOST,433S-07NY2,2775
60-64,95,Michael,Hauty,G,61,OREG,373Y-06MK9,2780
55-59,158,Richard,Egan,M,55,NEM,023F-06W46,2785
60-64,93,Stephen,Wright,A,63,SCA,333E-07YMU,2800
70-74,36,Frank,Miller,H,71,VMST,1236-073A5,2800
35-39,86,Louis,Soileau,C,36,CFSC,253N-085BV,2825
55-59,156,David,Faulkner,M,55,ART,453B-02DBH,2840
50-54,181,Bruce,Breon,W,51,CMYM,093E-074AZ,2845
55-59,155,Charles,Cronin,A,58,NEM,023F-05PC3,2850
75-79,10,David,Gilmer,S,75,DAM,3835-03GYM,2850
30-34,60,James,Symonds,A,34,ART,4538-06WHU,2860
50-54,180,Craig,Lundgren,N,53,DAM,383S-07N87,2860
30-34,59,Todd,Wass,W,31,ART,4532-083T5,2875
45-49,153,Timothy,Guscott,A,46,TNYA,063G-07EUS,2875
70-74,35,John,Crawford,B,70,OREG,373F-07XD3,2875
55-59,154,John,McLaren,M,57,NEM,0235-06J9B,2880
55-59,153,Robert,Feenstra,C,57,DAM,383A-060N3,2885
70-74,34,James,Browne,F,74,FMM,143W-02RD2,2900
50-54,178,David,Champagne,P,52,TAM,383T-03JUT,2920
70-74,32,Ron,LaLonde,R,73,ARIZ,4831-062S7,2925
70-74,31,George,Orning,W,70,ARIZ,483U-05SZM,2930
35-39,83,David,Souza,J,36,NEM,0232-06U4C,2950
45-49,151,Christopher,Souder,D,46,BWAQ,363K-07738,2950
60-64,92,Thomas,Munschauer,L,60,NEM,023P-0475X,2950
65-69,64,Paul,Teller,R,69,DAM,383S-03G01,2955
70-74,30,Brent,Lake,L,74,OREG,3736-025UP,2955
40-44,137,Joseph,Tompkins,A,42,PSM,363T-083UE,2960
40-44,136,Charles,Edgerly,E,41,NEM,023B-083DP,2965
55-59,152,Rick,Moss,S,55,DAM,383Y-03GXR,2965
70-74,29,William,Crowley,H,73,PCAT,263R-02G7D,2965
50-54,176,Frank,Wuest,C,52,NEM,023J-033YW,2970
70-74,28,Lloyd,Johnson,G,72,CVMM,333B-06TAH,2970
80-84,3,Charles,Weatherbee,E,80,FMM,143M-02RR4,2970
40-44,135,Alan,White,G,42,NEM,0231-05Y3N,2975
35-39,81,David,Graham,C,38,NEM,023B-06FZU,3000
45-49,148,Kyung,Nam,J,45,NEM,023N-07JBD,3000
55-59,146,Richard,Griffith,W,59,AGUA,063C-02Y2G,3000
55-59,146,John,Renwick,C,59,NEM,023S-07XK7,3000
55-59,146,Rupert,Seals,L,55,FINS,0833-0224D,3000
75-79,9,Edward,Colley,M,75,UNAT,0231-06HP4,3000
80-84,2,Francis,McAree,E,82,INDY,1637-02ACR,3000
45-49,147,Samir,Shah,A,45,NEM,0237-083PA,3010
70-74,25,Jon,Nelson,E,74,CRUZ,3830-03FH2,3010
45-49,146,Joel,Mann,E,45,PMST,543S-06J6U,3015
55-59,144,Timothy,Havel,F,59,NEM,023E-0720W,3015
50-54,173,Michael,Nanfito,E,50,SCA,333G-07B13,3025
60-64,88,Rodney,Swanigan,E,61,FMM,1433-02SW6,3025
75-79,8,John,Sulzbach,F,78,MELO,383D-03G4J,3025
45-49,145,Ronald,Lee,E,45,DAM,3836-04238,3040
75-79,7,George,Thayer,D,76,OREG,373T-025X2,3040
55-59,141,Michael,Carey,F,55,CVMM,333M-06SJ2,3045
55-59,140,Craig,MacPherson,A,58,PCAT,263P-05EJF,3050
60-64,86,Mike,Thompson,E,63,SPAW,153D-06SK1,3050
45-49,143,Kyle,Kersey,D,48,OREG,373V-060ZB,3060
50-54,172,Donald,Remaniak,G,53,NEM,0232-047BK,3070
75-79,6,Philip,Kerr,B,77,MESC,023T-01V52,3070
45-49,142,Heriberto,Delgado,J,49,FACT,143N-02RU6,3075
60-64,85,John,Kersten,C,60,PMST,543M-01HXE,3075
35-39,79,Mike,King,R,39,WAVA,123S-05PKM,3085
40-44,131,Justin,Wender,B,43,AGUA,0632-082MT,3100
50-54,168,Jeffrey,Marshall,D,52,DAM,3835-07UWB,3100
50-54,168,Christopher,Sykes,R,52,NEM,023P-07NSM,3100
50-54,168,Chris,Andersen,T,54,TULS,273S-01K1Y,3100
65-69,61,Tom,Martens,A,67,DAM,383U-03M72,3100
65-69,61,Melvin,Smith,H,69,PSM,363S-02VGP,3100
75-79,5,Robert,Benson,F,77,ANCM,1033-036GJ,3100
25-29,47,Taylor,Wood,H,27,SKY,4137-07H6X,3110
35-39,77,Mark,Knott,D,36,NEM,023X-06PGN,3110
70-74,23,Peter,Berghaus,P,72,CONN,053E-01S58,3110
65-69,60,Robert,Calverley,H,67,SCA,333G-03A99,3115
55-59,137,Walter,Carter,R,57,OREG,373F-05XRU,3120
50-54,167,Jon,Wiley,R,54,CSI,163X-04PZH,3125
70-74,22,Glenn,Wangdahl,E,70,MARY,0938-01VWD,3125
75-79,4,Jerry,Marchbanks,L,77,MOST,433U-02NH0,3125
40-44,130,Donald,Parks,C,43,TSTT,333K-049PK,3135
60-64,82,William,Wheeler,J,62,DAM,383J-04ZA2,3140
55-59,135,Michael,Hahn,T,55,UNAT,333S-03B0T,3150
55-59,135,John,Dolan,V,55,NEM,0235-033JF,3150
65-69,59,Lee,Lovitz,S,67,NEM,023V-033RW,3155
70-74,21,Michael,Dunn,E,70,SDSM,443J-07ZHU,3160
35-39,74,Andrew,Pedersen,I,39,NEM,023T-0476W,3170
45-49,141,Robert,Lax,N,49,LTMM,073X-084DZ,3170
45-49,139,Marc,Scott,A,48,AGUA,063B-07XGK,3175
45-49,139,Michael,Schulhof,E,46,SCA,333W-06JA9,3175
60-64,81,Douglas,Green,A,60,SCA,3338-03AJ2,3175
65-69,58,Martin,Mann,R,65,MICH,193R-0295K,3175
40-44,128,Juan,Sorensen,C,41,DAM,383X-073WS,3180
60-64,80,Will,Davis,E,61,DAM,383N-03G0K,3180
70-74,20,Biff,Atwater,M,71,NEM,023U-06MBN,3180
55-59,134,Thomas,Bidwell,C,59,NIAG,043D-01X6F,3185
65-69,56,Mikos,Fabersunne,S,66,DAM,383T-04121,3185
55-59,133,David,Cross,D,58,DAM,383G-03GY6,3190
65-69,55,Richard,Bourne,C,69,DAM,383B-03HB7,3195
70-74,19,John,Spence,L,71,OREG,3732-06KMM,3195
35-39,73,Matthew,Bosma,J,37,FGM,383X-07SNX,3200
50-54,165,John,Miller,R,54,DAM,383N-073SW,3200
65-69,53,John,Welton,C,65,ARIZ,4838-02EUE,3200
70-74,18,Thomas,Frankel,H,71,DAM,383H-040NC,3205
25-29,46,Caton,Mande,W,25,DAM,383C-080VW,3210
55-59,131,Doug,Conner,H,58,KMAN,333A-06PT2,3215
40-44,127,Michael,Schaeffer,W,42,SKY,413X-07EYB,3220
45-49,138,Robert,Ramos,T,48,SCA,333E-076R5,3220
65-69,52,John,Richards,W,65,DAM,383P-03GE0,3240
80-84,1,Robert,Beach,E,82,SPM,143B-02REM,3240
40-44,126,Jason,Lassen,D,40,PSM,3637-04F74,3250
55-59,129,John,Norlin,E,58,CMS,323A-07FFE,3250
60-64,75,Perry,Heath,C,62,INDY,1636-02A92,3250
60-64,75,John,Munro,J,64,NEM,0235-07NCC,3250
65-69,49,Barry,Hillman,A,65,TCAM,383E-05SSH,3250
65-69,49,Hans,Van Meeteren,P,68,NCMS,133B-023NH,3250
50-54,163,Robert,Kaminsky,M,54,NEM,0231-07N0V,3260
55-59,128,Robert,Hard,J,59,MOST,4331-04KSX,3260
40-44,125,Christopher,Tripler,E,44,NEM,0232-0474Y,3275
50-54,162,Gregory,Harrington,D,52,MICH,1934-066V2,3275
45-49,135,Bryan,Watt,C,47,OREG,373M-06RS4,3280
65-69,48,Leonard,Williamson,M,67,UNAT,383J-06J0T,3290
50-54,160,George,Stevens,L,51,DAM,3838-03J9H,3295
50-54,160,Pat,Hoelscher,A,52,TCAM,383V-07EWZ,3295
60-64,74,Michael,Cullen,P,60,NEM,023X-03424,3295
45-49,132,John,Sowa,R,49,UNAT,0731-07VWW,3300
50-54,159,Eric,Steger,D,53,LVAM,383H-03U54,3300
60-64,73,Arthur,Russo,R,63,PMST,543R-01HXB,3300
70-74,17,Bob,Jones,L,70,ARIZ,483K-02ES9,3300
35-39,71,Rick,Kimberlin,J,38,SKY,413W-07V7U,3305
50-54,157,Christopher,Lilienkamp,A,50,INDY,163E-05GA7,3315
55-59,125,Mark,Stone,A,56,TGM,5539-01H1H,3315
45-49,131,Scott,Rampy,T,48,ARKM,233V-075SV,3320
50-54,156,Lloyd,Talbert,W,52,SCA,333V-08389,3320
60-64,71,Denis,Desaulniers,J,62,NEM,023T-033AG,3320
40-44,120,Paul,Perz,M,44,NEM,023Z-033J2,3325
40-44,120,James,Hull,P,44,NEM,023W-061XR,3325
40-44,120,John,David,M,43,SCA,333C-07AX3,3325
50-54,155,John,Sowa,R,50,UNAT,0731-07VWW,3325
60-64,68,John,Vail,C,64,CRAB,093B-036T5,3325
60-64,68,Michael,Harfst,D,60,OREG,3730-02716,3325
30-34,55,David,Doucett,V,31,NEM,0239-07MUD,3335
40-44,119,Paul,Del Bene,M,43,DAM,383W-068F7,3340
50-54,154,Timothy,Coffey,C,53,NEM,023V-073C4,3340
55-59,123,James,Wetzel,M,55,NEM,023C-05EZC,3340
60-64,67,Bruce,Braly,J,63,DAM,383F-03HH0,3345
40-44,118,Scott,Linnborn,R,42,NITR,433S-06M29,3350
55-59,122,John,Carter,C,57,NEM,0231-07KEE,3350
60-64,66,Bob,Plencner,R,60,NEM,0231-06VUZ,3350
65-69,46,David,Baxter,C,68,NEM,0236-033FD,3350
45-49,129,Scott,Hacker,A,46,NEM,0234-07HH4,3360
65-69,45,Jon,Mahanna,E,65,TCAM,3836-06SXE,3360
60-64,64,Tom,Neff,G,60,INDY,163S-02A9X,3365
50-54,150,Patrick,Koranda,W,52,IMSC,2639-07CJ9,3375
50-54,149,Joseph,Burzynski,N,50,TNYA,0633-02XK8,3385
70-74,15,John,Le Bourgeois,Y,74,UNAT,2132-022M9,3395
35-39,69,Craig,Gronlund,P,39,DMSC,1435-073JU,3400
65-69,42,Laszlo,Eger,J,67,NEM,023T-033A1,3405
45-49,128,Peter,Dillon,W,46,SRPM,023H-07KPA,3410
50-54,147,Mark,Schaffer,A,50,TNYA,063C-02XUU,3410
50-54,146,Alan,Morrison,J,50,cibb,063X-0304F,3415
45-49,126,John,Mulcahy,V,46,TSTT,333A-07UC3,3425
50-54,144,Bradley,Convis,A,50,WAVA,123E-07C1V,3425
55-59,120,Robert,Harris,D,57,NEM,023W-06V87,3425
65-69,38,Michael,Aiello,B,65,KMAN,333A-067FS,3430
35-39,67,Matt,Watkins,O,36,ART,453U-04EFS,3435
50-54,142,David,Boothby,J,54,NEM,023A-035VV,3435
50-54,142,Moira,Talan,V,52,SCA,333F-083TB,3435
70-74,14,Robert,Norris,F,74,DAM,3835-03GE4,3435
35-39,66,Francois,Martin,A,36,METR,063B-02YEV,3440
40-44,113,William,Williamson,V,42,ARKM,233T-084CJ,3450
40-44,113,Macy,Foree,S,41,SKY,4136-084XH,3450
40-44,113,Scott,Seibel,H,40,GSM,073J-07V28,3450
45-49,124,Lalit,Shahani,K,48,MELO,383J-03EWM,3450
50-54,141,Jeffrey,Conway,R,51,TNYA,063H-02YYP,3450
55-59,119,Don,Margolis,P,56,SERC,383W-03S05,3450
30-34,53,Adam,Cole,J,31,NEM,023M-035NZ,3455
45-49,123,Olivier,Sudre,H,49,SCA,333Y-049K4,3455
40-44,111,Michael,Gleeson,W,40,NEM,0231-085N1,3460
40-44,111,David,Shulman,B,41,NEM,023J-0770F,3460
40-44,110,David,Wang,M,41,NCMS,1336-07E8T,3470
50-54,139,Robert,McDaniel,L,50,INDY,163C-02A9T,3475
50-54,139,Carl,Hefflefinger,J,52,NEM,023H-035ZB,3475
55-59,118,Brandon,Forest,F,56,DAM,383F-03GFG,3475
40-44,109,John,Grossfeld,E,42,XCEL,063U-06JJH,3480
55-59,117,Bill,Nelson,L,59,VMST,1239-02JCR,3480
65-69,37,Jerry,Audiat,M,66,FGM,383R-03V0S,3485
70-74,13,John,Bell,L,70,UCLA,333H-02GW1,3485
35-39,65,Bryan,Paolini,P,37,FGM,3839-07ZWA,3490
65-69,36,Kent,Fugazi,R,66,DAM,3830-03HBC,3495
18-24,32,Jonathan,Gay,C,22,NEM,0230-084GD,3500
18-24,32,Josh,Hummel,E,23,NEM,0237-07Y3B,3500
50-54,137,Paul,O'Leary,F,50,NEM,023Y-0829J,3500
60-64,55,Bob,Lantz,H,61,DAM,383H-03U42,3500
60-64,55,Craig,Mather,S,61,OREG,373R-025X4,3500
50-54,135,Eric,Furfine,S,53,NEM,0236-06ZT0,3510
55-59,114,Mark,Losinski,A,56,CVMM,333B-06UTF,3515
60-64,53,Steve,Polley,K,63,SCA,333G-049JK,3515
55-59,113,Pete,Covey,P,58,MOST,433A-0663H,3520
60-64,52,Gregory,Stoner,R,60,DAM,383B-03GX8,3520
75-79,3,Earl,Ellis,N,76,UNAT,363X-01MZR,3520
30-34,51,Sean,McGowan,M,32,AGUA,063Z-01SDD,3525
40-44,107,Jason,Bundy,E,42,DAM,383W-040P2,3525
55-59,112,Joe,Freeman,E,56,CSI,163R-08112,3525
40-44,106,Michael,De Vlieger,T,42,SLAM,223G-07C4K,3535
45-49,121,Donald,Sorterup,B,45,NEM,023U-06ZGF,3540
25-29,40,Thomas,Lowry,J,26,NEM,023E-0820C,3550
35-39,62,William,Yepes,A,38,NEM,023W-05EJZ,3550
40-44,103,Matthew,Burrell,K,40,INDY,163R-06ZNT,3550
40-44,103,Jack,Chen,P,41,DAM,383V-03S39,3550
45-49,117,Marc,Mansour,P,48,NEM,023E-03504,3550
45-49,117,Michael,Cieslewicz,J,47,UNAT,023K-07N7P,3550
55-59,111,Ben,Van Alen,W,57,AKMS,563X-01P9C,3550
65-69,33,James,Spiegel,S,65,PCAT,2636-06JCA,3550
55-59,110,Kevin,Johnson,B,58,UTAH,343K-003YP,3555
55-59,109,Thor,Johnson,S,59,NEM,023H-075WC,3565
45-49,116,William,Haddock,O,46,CVMM,333X-070DD,3570
40-44,100,Jason,Fisk,M,40,DAM,3836-065PA,3575
40-44,100,Mark,Morin,S,44,NEM,0237-083ZK,3575
40-44,100,Charles,Smith,L,41,AGUA,0637-04C5H,3575
50-54,131,Howard,Abramson,D,51,UNAT,023D-076F5,3575
65-69,32,Craig,Shaffer,A,66,ARIZ,483H-064BE,3575
70-74,12,Mel,Goldstein,E,74,INDY,1632-02A8Y,3575
30-34,50,Andrew,Gersh,J,33,CRUZ,383W-05G5J,3580
55-59,105,Curtis,Finley,M,59,DAM,383F-062BC,3580
45-49,114,James,Bandler,D,45,NEM,0238-069TR,3585
45-49,113,Michael,Langley,F,45,CVMM,333Z-05FMJ,3590
18-24,30,Zachary,Chertok,R,24,NEM,023G-076VD,3600
30-34,49,Andrew,Roy,M,30,INDY,1636-04R0E,3600
40-44,98,Jim,Porter,K,43,NEM,023H-07PK2,3600
40-44,98,Dmitry,Zaretsky,V,43,INDY,163D-07KGY,3600
50-54,126,Steven,Rubin,M,50,NEM,023H-083VG,3600
50-54,126,Cliff,Millemann,J,54,DAM,383J-03W4F,3600
50-54,126,Thomas (Tom),Merrell,K,52,INDY,1639-02ANH,3600
50-54,126,Jeffrey,Bush,E,54,1776,083Z-0221G,3600
55-59,103,John,Ogden,H,59,NEM,0232-01M9H,3600
60-64,48,Curtis,Miller,M,63,DAM,3834-03FZN,3600
55-59,102,Douglas,Handler,A,58,MICH,193M-0857J,3605
45-49,109,Glenn,Dixon,S,48,NEM,0231-0356Y,3610
55-59,101,Paul,Edelman,T,56,NEM,023A-034R8,3615
18-24,29,Jason,Serrano,A,22,DAM,383F-07421,3620
30-34,48,Geoffrey,Blake,W,30,RGMS,433T-029U5,3620
40-44,97,Brian,Schenkenfelder,F,41,SKY,413A-0739G,3620
50-54,124,Chris,Georges,R,54,TSTT,333G-049ZZ,3625
60-64,47,Richie,Martin,A,64,NEM,023R-0344C,3625
35-39,60,Bryan,Wiemers,J,37,SKY,413V-0814G,3630
65-69,29,Thomas,Manfredi,G,69,NEM,023D-033DH,3635
70-74,10,Bart,Bleuel,S,71,VCM,3339-03B01,3635
30-34,47,Ziv,Lang,R,30,DAM,383G-03FZT,3640
55-59,99,Eric,Winn,J,58,NEM,0233-033R1,3645
40-44,95,Jerry,Scrogham,G,40,SKY,413A-07BK1,3650
40-44,95,Mitchell,Johnson,T,40,BWAQ,363K-076E4,3650
45-49,108,Scott,Smith,D,49,NEM,023H-046YC,3650
50-54,122,Kenneth,Catellier,P,52,INDY,1635-02B0R,3650
50-54,122,William,Breckwoldt,L,52,NEM,023C-07A7A,3650
55-59,97,Kevin,Brady,T,58,ART,453S-02DB5,3650
55-59,97,Edwin,Willis,A,59,OMAH,2939-01JAZ,3650
70-74,9,Fred,Wakelin,W,70,T2NM,1431-02TV2,3650
55-59,96,Craig,Zais,A,55,DAM,383H-060MZ,3655
50-54,121,David,Traver,P,53,SMM,383P-03J45,3660
65-69,28,Thomas,Allan,M,65,NEM,0239-063E1,3665
50-54,119,William,Schulz,A,54,DAM,3831-03NKF,3670
70-74,8,Frank,Philipps,J,70,OREG,373G-025YB,3670
45-49,105,Mark,Rogers,L,47,GAJA,4538-06PZC,3675
45-49,105,Mark,Rogers,L,47,GAJA,4538-06PZC,3675
50-54,118,Mike,McGurk,R,52,NEM,0236-035JE,3675
65-69,27,John,Graham,M,67,SKY,413A-01W6E,3675
65-69,26,Tom,Fiedler,E,66,NEM,023E-06Y56,3680
35-39,59,Patrick,Hiller,T,35,OREG,373A-07JW5,3695
40-44,92,Emmet,Cullen,F,42,BWAQ,363D-076NK,3700
40-44,92,Stephen,Dragoni,D,42,NEM,023U-01YAK,3700
40-44,92,Joseph,Caruso,A,40,NEM,023M-085HG,3700
45-49,103,Ken,Brisbin,D,47,LBG,3337-03DEA,3700
50-54,115,Timothy,Stephens,G,54,DAMM,2637-077S2,3700
50-54,115,David,Blume,P,53,NEM,023J-035U6,3700
55-59,95,Joerg,Drewitz,F,56,NEM,023M-07G25,3700
60-64,45,Paul,Nichols,W,62,SFTL,503X-02SXR,3700
60-64,45,Roger,Bockrath,A,63,DAM,3835-041SY,3700
25-29,38,Aldo,Jansel,D,26,GOLD,503T-0824Z,3705
45-49,102,David,Hill,M,45,DAM,383C-04BTB,3710
55-59,94,Stuart,Welsh,J,56,TCAM,383K-03FW2,3710
65-69,25,John,Ziegenhagen,T,66,MINN,3039-024D7,3710
50-54,114,Robert,Thomas,C,53,SCA,333J-085D5,3715
50-54,113,Bradford,Johnson,F,53,CRAB,0933-06DS8,3725
55-59,93,Stephan,Jones,S,56,CSI,163X-02AXU,3725
60-64,43,Jerry,Meyer,R,63,CMYM,093J-05RE6,3725
70-74,7,James,Pope,A,70,NEM,023B-01UJZ,3725
55-59,92,Michael,Garr,T,59,NEM,023M-033VR,3735
70-74,6,Henry,Halff,M,70,MOST,4338-02NHB,3735
40-44,90,Benjamin,Kaplan,A,44,NEM,0235-05EDJ,3740
40-44,89,Jonathan,Gladstone,M,44,NEM,023R-072HF,3745
45-49,98,Shawn,Hughes,P,46,MOST,4334-05J4Z,3745
35-39,58,Benjamin,Hammond,W,37,NEM,0233-01P6X,3750
45-49,96,Randall,Turner,B,47,PMST,5438-01HXK,3750
50-54,111,Darin,Salk,N,51,DAM,383Z-03YFW,3750
55-59,90,Paul,McCaffrey,A,58,NEM,0234-03583,3750
55-59,90,Michael,Dilts,T,56,INDY,163D-05GHY,3750
35-39,57,Brian,Stein,W,35,MOST,433M-085RH,3760
40-44,88,Randall,Chamberlain,A,43,TNYA,063P-02ZPS,3760
55-59,89,Bob,Gelb,S,58,SMM,383Y-084R2,3760
65-69,24,James,Stambolis,N,65,TAM,383R-03FUB,3760
35-39,56,Ronnie,Velazquez,I,35,SCSF,1436-081XS,3770
45-49,94,Joshua,Raymond,J,47,BERK,0730-01Y16,3770
65-69,23,Patrick,Feeney,J,65,DAM,3839-03GET,3770
55-59,86,Harvey,Hill,F,58,IMSC,263M-02G8J,3775
55-59,86,James,Lueck,E,55,SCA,333S-07SDB,3775
60-64,41,Emilio,Sovero,A,64,SCA,3336-03B3J,3775
60-64,41,Chris,Toole,L,61,OREG,373S-025UF,3775
75-79,2,Barry,Fasbender,A,75,STAN,3838-03H08,3775
45-49,92,Kristopher,Kordana,E,47,DAM,383V-03G0D,3780
50-54,110,Steven,Jacobs,R,51,MOST,433U-02NPN,3780
18-24,28,Cody,Conley,F,21,SCA,333V-0828U,3800
30-34,41,Peter,Given,W,32,TSTT,333T-0714R,3800
30-34,41,Karl,Kowalske,R,32,MICH,193W-084E3,3800
40-44,83,Robert,Cowan,N,40,CMS,323A-07KP1,3800
40-44,83,David,Holan,D,44,ART,453C-02E4T,3800
45-49,91,Matthew,Hausmann,J,49,NEM,023E-033Z5,3800
55-59,82,Donald,Slovenkai,S,56,NEM,023M-0346G,3805
60-64,39,Stephen,Roach,A,62,NEM,023Y-033R8,3805
35-39,54,Jacob,Brickman,W,36,ARKM,233W-05HP8,3815
50-54,108,Charles,Grant,R,53,NEM,0239-07HCP,3820
55-59,81,David,Jaye,A,59,NEM,023D-0474T,3820
18-24,27,Brian,McMahon,J,19,ART,453A-083K7,3825
45-49,88,William,Finch,H,47,CSI,163G-02BFS,3825
45-49,88,Christian,Scheuring,C,48,DAM,383S-03FCE,3825
50-54,106,Geoffrey,Comstock,C,50,MOST,433Z-04KP2,3835
45-49,86,Richard,Knipe,A,49,SPM,1431-02TAK,3840
55-59,80,Howard,Painter,H,59,TCAM,383U-03WPA,3845
30-34,39,Jon,Agren,A,33,UNAT,303M-07VYJ,3850
30-34,39,Clay,Davidson,W,33,VCM,3338-07TTF,3850
35-39,53,Coley,Penrose,J,39,NEM,023P-080TA,3850
45-49,85,Cary,Thompson,M,47,DAM,383R-0072A,3850
60-64,36,David,Damassa,A,62,NEM,0235-033A6,3850
35-39,52,Randy,Clark,T,37,NEM,023W-036TA,3865
40-44,79,Jeff,Simons,S,44,DAM,383H-06EE9,3865
55-59,78,Paul,Dow,L,59,NEM,0230-0633Z,3865
65-69,20,Paul,Kelly,R,65,DAM,383V-03GDV,3865
45-49,84,Victor,Maldonado,S,49,NEM,023F-033W3,3870
50-54,104,Glenn,Cunha,A,50,NEM,023J-033VT,3875
60-64,35,Ted,Deacon,S,63,DAM,383N-03GEJ,3875
45-49,83,Rod,Parmenter,T,47,OREG,373V-069PA,3880
50-54,103,Blaise,O'Neill,M,54,GOLD,503W-027PH,3880
60-64,34,Michael,Carew,P,63,OREG,3737-025XU,3880
30-34,38,Tim,Krajewski,L,31,GOLD,503Y-028CN,3890
60-64,32,Frederick,Lewis,J,62,SPM,143H-02RG0,3895
35-39,51,Jeff,Berebitsky,N,37,INDY,1633-026XN,3900
40-44,77,Greg,Sellei,J,44,NEM,0235-07KWZ,3900
50-54,101,Christopher,Shrader,J,52,INDY,163Y-02AAP,3900
65-69,19,Steve,Hoberg,L,66,CRUZ,383C-03M7H,3900
45-49,82,John,Doyle,M,46,HMS,353M-07MM2,3905
55-59,75,Christopher,Landry,S,57,NEM,023K-033EA,3910
45-49,80,Albert,Hopeman,A,48,NEM,023F-07NTK,3925
45-49,80,Michael,Mappes,R,45,NEM,023J-06R8N,3925
50-54,96,Neil,Greenspan,R,54,NEM,023U-0768Z,3925
45-49,79,Joseph,Laukaitis,J,48,NEM,023M-03592,3940
50-54,95,Greg,Mertes,J,53,ARKM,233C-01K3G,3945
55-59,74,Stuart,Kahn,L,59,DAM,383W-03YFZ,3945
35-39,50,Ryan,Lebro,J,38,NEM,023N-06JHG,3950
55-59,73,Tim,Patterson,K,55,OMAH,293T-01JAM,3950
55-59,71,Patrick,Murphy,S,58,PSM,363E-04FGM,3955
55-59,71,David,Madison,K,59,LOM,383Z-0415Z,3955
50-54,94,Jeff,Wilson,L,51,ARKM,2331-01K58,3960
65-69,16,Gayle,Phillips,A,65,MM,313H-076WT,3960
50-54,93,Thomas,Nisbet,A,52,NEM,023S-075JD,3970
40-44,74,Steve,Cramer,D,42,SRVM,3838-03S4N,3975
50-54,91,Bill,Meier,R,51,SRPM,0233-035U3,3975
30-34,36,Daniel,O'Kane,P,32,UNAT,303R-05TNN,3990
55-59,70,John,Constantine,H,55,DAM,383Y-03FZV,3990
30-34,35,Matthew,Cuttell,J,31,IM,2137-04S3V,3995
25-29,36,Geoff,Lay,P,27,UNAT,3439-083NA,4000
30-34,33,Craig,Page,W,30,GAJA,4537-082TV,4000
45-49,76,Thomas,Brown,L,45,DAM,3833-03R96,4000
45-49,76,Dave,Mason,C,48,SCA,333J-06BAU,4000
50-54,85,Robert,Marshall,A,54,NEM,0232-035JA,4000
50-54,85,Gregg,Recanzone,H,50,DAM,3830-03GZ0,4000
50-54,85,Edward,Colbert,J,54,NEM,023Y-033VX,4000
50-54,85,Thomas,Wallace,F,53,NEM,0233-05YY0,4000
55-59,69,Phillip,Bly,M,59,INDY,163A-02BBS,4000
60-64,29,Robert,Aldrich,E,63,SPM,143H-02T7P,4000
70-74,3,Richard,Todd,T,70,TCAM,383A-03J82,4000
50-54,83,Gregg,Recanzone,H,50,DAM,3830-03GZ0,4005
65-69,14,James,Green,M,68,NCMS,133H-022ZR,4010
30-34,32,James,Montante,J,30,SPM,1438-02T0G,4020
60-64,27,Craig,Leidersdorf,B,62,CVMM,3331-03AWP,4020
60-64,27,John,Olander,R,62,NEM,0232-035MD,4020
18-24,25,Raymond,Long,J,19,DAM,383B-08484,4025
35-39,46,Jeff,Hodges,W,37,PMST,543Y-05GJZ,4025
45-49,72,Tracy,Harris,K,47,DAM,383E-03N50,4025
50-54,81,David,Welsh,D,53,MOST,433R-02P46,4025
55-59,67,Kirkham,Wood,B,58,NEM,023P-07MZW,4030
35-39,44,Abraham,Rogers,E,39,NEM,0239-06HY5,4035
35-39,44,James,Morrissey,G,39,TNYA,063U-02XS7,4035
40-44,70,Harris,Liu,D,44,DAM,383S-06960,4035
60-64,26,Floyd,Fisk,M,60,SAWS,593E-03FM4,4035
45-49,71,Ron,Schmidt,J,45,ARKM,2339-084AB,4040
60-64,25,Paul,Landes,H,62,DAM,383P-03HAC,4045
45-49,69,Jonathan,Jensen,J,47,DAM,383V-041T4,4050
50-54,80,Patrick,Conley,M,52,SCA,333W-0828T,4050
55-59,64,David,Judelson,S,56,NEM,0239-03356,4050
18-24,24,Travis,Dennison,L,21,NEM,023V-084W5,4060
30-34,28,Jamie,Johnson,D,33,SKY,413Y-06NY3,4060
45-49,68,Todd,Cheever,R,47,SKY,413R-01W43,4065
55-59,61,Peter,Spahr,C,57,DAM,383Y-03KC4,4070
55-59,61,Thomas,Gelinne,G,55,TNYA,063S-02XR9,4070
65-69,13,Larry,Raffaelli,L,69,VCM,333A-03B35,4070
55-59,59,Robin,Malm,G,58,DAM,383E-03FS7,4075
55-59,59,Patrick,Long,R,56,DAM,3832-03HBE,4075
45-49,67,Charles,Dewitt,M,49,NEM,023G-035R5,4085
50-54,78,Mark,Schwartz,W,54,DAM,383S-03GDY,4090
55-59,56,George,Horan,T,58,FINS,083T-021YK,4090
55-59,56,David,Carchedi,R,58,NEM,0232-0354D,4090
35-39,41,Ken,Kwa,K,39,NEM,0236-03497,4100
35-39,41,Kent,Zelle,N,35,NEM,023W-07HU4,4100
50-54,77,Christopher,Rock,J,53,DAM,3830-03KFE,4100
55-59,54,Mark,Anderson,J,59,IM,213H-02UAV,4100
55-59,54,James,Wright,R,55,DAM,3838-03HFR,4100
60-64,23,Charles,Holum,F,61,CMS,3233-0317U,4100
45-49,65,Rutger,Engbersen,R,47,OREG,373W-02723,4105
40-44,68,Charles,Cockrell,E,44,VMST,123R-02HTW,4110
50-54,76,David,Riley,P,50,NEM,0238-03443,4110
60-64,21,Robert,Richardson,B,60,OREG,373G-049YA,4110
25-29,32,Elliot,Miller,A,29,NEM,0237-05ESF,4115
55-59,53,Edward,Mann,R,55,OREG,3730-026V0,4115
55-59,52,James,Tull,C,59,TAM,383D-03HT5,4120
30-34,27,Kenneth,Catalano,J,32,NEM,023U-06SUE,4125
45-49,63,Charles,Grall,D,48,OREG,373C-06P2A,4125
30-34,26,Timothy,Lyons,F,34,NEM,023K-07UBR,4130
40-44,67,Glenn,Hadsall,A,43,PCAT,263D-082AG,4130
55-59,50,Mark,Glenesk,J,56,KMAN,333Z-03DNH,4130
30-34,25,Peter,Hanselmann,A,30,DAM,383D-07UCM,4135
50-54,73,George,Alexandre,E,54,NEM,023E-066FP,4135
50-54,73,Ken,Gersbach,C,52,SPM,1434-065N7,4135
55-59,48,Kermit,Yensen,D,59,OREG,373E-025Y1,4135
55-59,48,Joseph,Grafton,J,55,DAM,3830-03HAV,4135
65-69,12,Jack,Mills,S,65,DAM,383H-03HH8,4135
35-39,39,Jack,Martins,N,37,TNYA,0638-05YMG,4140
40-44,66,Sean,Cabbage,M,41,MICH,193P-05SVG,4140
35-39,38,James,Lee,P,35,NEM,0234-001S3,4150
45-49,60,Rick,Vasquez,A,49,UNAT,383W-03N7E,4150
45-49,60,John,Weber,G,47,MICH,1934-06YBE,4150
55-59,45,Kenneth,Vandroff,M,56,SMM,383C-040HD,4150
55-59,45,Richard,Hudson,R,55,ESMS,153R-07GME,4150
55-59,45,Michael,Collier,R,59,NEM,023F-01VMJ,4150
60-64,19,David,Lewis,W,61,INDY,163B-02A9S,4150
65-69,11,Daniel,Rogacki,J,65,NEM,023B-033XF,4150
40-44,64,Stephen,Imbusch,C,44,NEM,023P-07HJ3,4160
45-49,59,Todd,Nelson,D,46,SCA,3337-04FMG,4160
40-44,62,Guy,Cacciarelli,A,43,SCA,3331-03DYM,4165
40-44,62,John,Leonard,R,42,MOST,4338-02NWN,4165
55-59,44,Todd,Erickson,L,58,MOST,4334-02PMS,4165
25-29,31,Sam,Walton,R,27,SCA,3333-06U7P,4170
35-39,37,Mark,Smith,C,39,NEM,023S-046AH,4170
45-49,57,Harold,Sachs,R,48,CMYM,093G-01V78,4170
50-54,71,Gregory,Gomez,M,54,NEM,023C-03568,4170
60-64,18,Kent,Mc Donald,C,60,MOVY,283N-01NS4,4170
65-69,10,Kenneth,Frost,A,68,TAM,383S-03HJH,4170
50-54,68,Steffan,Sarkin,B,52,ARKM,233Y-01K71,4175
18-24,21,Derek,Nido,J,24,AGM,4339-07M46,4180
50-54,67,Jeff,Spencer,D,54,ARKM,233R-01K5P,4180
25-29,30,Daniel,Werner,L,28,WH2O,333R-06UMZ,4185
55-59,43,Buz,Kroner,R,59,MOST,433V-02P1E,4185
60-64,17,Stephen,Paushter,L,61,BUMS,043G-01X9C,4195
30-34,21,Alexander,Barclay,T,31,TNYA,063M-061MV,4200
35-39,34,Hugh,McGowan,M,35,TNYA,0639-02XU6,4200
40-44,60,Ken,Frost,A,40,TAM,383H-03JK9,4200
45-49,56,Paul (Tank),McNamara,F,49,GAJA,4535-0601J,4200
50-54,64,Kenneth,Duff,E,52,YHFM,243J-06B7J,4200
50-54,64,Steven,Richey,C,52,MOST,433S-02NXE,4200
55-59,41,Michael,McCombs,P,56,UNAT,023U-035EK,4200
60-64,16,Jim,Thompson,M,61,INDY,1637-04R10,4200
65-69,9,Andrew,McPherson,M,65,DAM,383B-03GXT,4200
45-49,54,Kenneth,Barbee,A,48,1776,083K-022CS,4210
50-54,63,Patrick,Heuveline,C,50,UCLA,333J-04ZHB,4210
40-44,59,Douglas,Webb,J,42,O*H*,1834-01PG5,4220
50-54,62,Todd,Estabrook,H,53,NEM,023B-046HM,4220
60-64,14,Bob,Bruce,A,64,OREG,373Z-025YX,4220
60-64,14,Philip,Jonckheer,W,60,TAM,3838-03K5W,4220
35-39,33,Derek,Kent,C,39,SRVM,383N-072KS,4225
40-44,57,Benjamin,Lloyd,J,41,AGUA,063R-02Z12,4225
55-59,40,Steve,Garrett,M,55,DAM,3837-06HSH,4225
60-64,13,Michael,Stephenson,R,60,OREG,373T-026ZM,4230
35-39,32,Joshua,Judge,M,36,TNYA,0636-05X2Y,4235
45-49,50,Mazen,Hassan,K,45,CVMM,3335-01XRE,4250
45-49,50,Roger,Wright,B,47,IMSC,263W-02G45,4250
45-49,50,Daniel,McIntosh,J,47,NEM,023K-046YA,4250
50-54,61,Scott,Christian,R,50,OREG,3737-01PEB,4250
55-59,38,John,Dickey,B,57,DAM,383A-05Y98,4255
45-49,48,Christopher,Spearing,M,47,UNAT,053J-085HN,4260
45-49,48,Laszlo,Bardos,C,49,NEM,023P-034JB,4260
55-59,36,George,Vieth,W,57,DAM,383E-01WM5,4265
25-29,29,Jonathan,Long,Z,27,NEM,023V-07H3G,4275
35-39,29,Brent,Garriepy,C,36,LBG,333J-034NT,4275
50-54,58,Glen,Vargas,A,52,SYSM,143N-06N5U,4275
55-59,35,Allen,Larson,J,59,OREG,373S-05VZ3,4275
45-49,47,Daniel,Sperka,J,47,DAM,383S-03URZ,4280
40-44,52,Douglas,Trumpey,S,42,INDY,1631-02AMS,4285
45-49,46,Lautaro,Echiburu,A,47,DAM,383K-03VNG,4285
75-79,1,David,Radcliff,A,78,OREG,373G-025V8,4285
40-44,50,David,Bowman,R,44,CFSC,253K-07M5P,4290
40-44,50,Mark,Goldman,S,41,DAM,3834-033DD,4290
50-54,57,Brent,Tininenko,M,51,ARKM,2334-01K4U,4290
40-44,49,Nathan,Goedde,R,42,DAM,3837-05J6Z,4295
55-59,33,Jack,Tuholske,R,58,NEM,023S-01JU0,4295
18-24,19,David,Benjamin,A,19,AGUA,0634-0820R,4300
18-24,19,Tim,Feddersen,K,22,CVMM,333X-0704N,4300
30-34,20,Sean,McGowan,M,32,AGUA,063Z-01SDD,4300
40-44,46,Brandon,Kovach,C,41,MOVY,2835-075AZ,4300
40-44,46,Joshua,Smith,C,44,SPM,143K-064F4,4300
45-49,45,Mark,Schactman,J,46,TERR,1032-01V3C,4300
50-54,56,Hubbard,Garber,R,53,NEM,023A-078N7,4300
65-69,7,Douglas,Miller,K,66,INDY,163D-01NE1,4300
60-64,12,Stephen,Morris,L,61,PCAT,263P-03HH9,4305
65-69,6,Steven,Peterson,B,66,PSM,3632-02KVC,4305
18-24,17,Jeffrey,Winter,M,23,TNYA,0632-0835T,4310
18-24,17,Ethan,Carlson,M,19,PSM,363V-07R6K,4310
50-54,54,David,Herman,S,51,SPM,143A-04RY4,4310
50-54,54,Richard,Risso,J,53,CRUZ,383H-03NN7,4310
55-59,32,David,Woodruff,L,56,DAM,383A-03HFT,4320
60-64,11,Charlie,Swanson,E,61,OREG,373P-026EP,4320
30-34,18,Paul,Shoen,W,31,UNAT,373Y-0793P,4325
40-44,45,Marshall,Price,N,40,AGUA,063E-06SA2,4325
50-54,53,David,Schubert,A,51,NEM,0230-0345Y,4325
50-54,52,Lyle,Mc Carty,H,52,DAM,383B-04183,4330
40-44,43,Tobin,White,F,40,DAM,383Z-03HRG,4340
45-49,43,Jim,Harrington,C,45,NEM,0231-004TY,4360
50-54,50,Patrick,Prince,W,50,OMAH,293D-01JBM,4360
30-34,16,Bryan,Pro,M,34,DAM,383F-03P4Z,4370
50-54,49,Randall,Mertes,L,50,ARKM,233R-01K67,4375
55-59,29,Steven,Plackemeier,J,58,SDSM,443S-07B8C,4380
50-54,44,Ed,Barth,J,54,NEM,0231-03607,4385
50-54,44,Philip,Schoepke,J,51,NEM,0230-035WJ,4385
50-54,44,Eric,Grubel,E,50,SCA,333A-03E9R,4385
55-59,27,Bob,Dickson,J,57,INDY,1634-02A8F,4385
45-49,42,David,Uprichard,E,46,REDT,0637-06GS2,4390
25-29,24,Zachary,McCutchen,A,25,LODI,3838-070AR,4400
50-54,42,John,Fleming,F,50,MICH,193K-06BUE,4400
50-54,42,Vincent,Burks,P,52,NEM,0230-033TJ,4400
55-59,26,Frank,Elliott,C,59,SMM,3839-03KU2,4400
45-49,39,Paul,Goudreau,J,46,NEM,023Z-033TT,4415
45-49,39,Timothy,Waud,P,45,OREG,373S-003DK,4415
25-29,23,Craig,Charley,R,29,RCA,123R-02HRA,4420
35-39,26,Kip,Zurcher,R,38,INDY,1630-079Y7,4420
25-29,21,David,Modzelewski,C,25,MMST,053R-08599,4425
25-29,21,Michel,Grosz,Z,26,DAM,383Y-07GSR,4425
40-44,39,Gordon,Gridley,R,40,SLOW,343H-060M7,4425
55-59,24,Gilles,Chalandon,A,56,AGUA,063J-02YE4,4425
50-54,40,Chris,French,A,51,NEM,0230-034EP,4430
35-39,25,Jonathan,Shinnick,C,39,MERR,093N-07KT4,4440
45-49,38,Theodore,Casterline,A,47,OREG,3739-026BA,4440
50-54,39,Brent,Washburne,C,51,OREG,373D-00602,4440
30-34,14,Evan,Cobb,M,33,TNYA,063D-06YCF,4445
18-24,16,Christopher,Hyatt,L,24,ARKM,233N-084C5,4450
30-34,13,Martin,Winner,G,31,LVAM,383G-082JY,4450
35-39,23,Michael,Thiry,A,37,IM,213M-062GC,4450
40-44,36,David,Griesbauer,L,42,NEM,0234-07366,4450
55-59,23,Jon,Dees,L,55,TULS,2733-06Z4F,4450
50-54,38,Andrew,Majeske,J,51,1776,083U-03FZR,4455
60-64,10,Mark,Block,A,61,CHEL,063D-02YBU,4460
40-44,35,Andrew,Strehle,P,43,NEM,023J-03573,4470
45-49,37,Jonathan,Weiss,D,45,1776,083X-02277,4470
50-54,37,Robert,Turner,T,51,VMST,1231-02HVD,4470
55-59,21,John,Chambers,B,57,UNAT,0639-02YB5,4480
60-64,9,Glenn,Gruber,A,63,VCM,333C-03A1R,4480
35-39,22,Onesimo,Demira,C,39,TNYA,063E-02YCC,4485
40-44,34,Christian,Tujo,F,41,OREG,373Z-026K2,4490
50-54,34,Jon,Irwin,M,52,SCA,3336-03C7J,4490
40-44,32,Jaime,Balboa,R,44,UCLA,3335-03UHF,4500
40-44,32,Chris,Kovacs,E,43,NEM,023N-060UB,4500
45-49,36,Robert,LeVine,S,48,NCMS,133Y-022X6,4500
50-54,33,Thomas,Anderson,D,51,MELO,383G-03G4X,4500
55-59,19,Lars,Durban,R,55,PSM,363G-02KNC,4500
55-59,19,Mark,Spratt,W,57,INDY,163U-02AMM,4500
55-59,18,Stephan,Freeman,J,56,SPM,143M-02REX,4505
40-44,31,Duncan,Adamson,S,42,NEM,023C-033N9,4520
55-59,15,Fred,Bartlett,R,56,NEM,023W-033J5,4520
40-44,29,James,Fleming,F,42,SCA,3335-02CW5,4525
45-49,34,Kent,Nicholas,M,45,MMAC,483R-06FZ0,4525
45-49,34,Michael,Doyle,B,49,PCAT,263D-02H01,4525
50-54,32,Rolf,Hoffmann,K,53,SCA,333F-07676,4525
55-59,13,William,Henderson,S,56,DAM,3838-073SH,4525
65-69,2,Carl,Selles,H,66,SPM,143D-030YY,4525
18-24,14,Derrick,Kao,D,23,NEM,023S-0825M,4535
60-64,8,Jack,Martin,R,61,1776,083K-0220V,4540
40-44,27,Douglas,Wright,B,42,DAM,383J-03ZKV,4545
25-29,20,David,Lucena,A,27,AGUA,063U-07ZCE,4550
65-69,1,Bruce,Mohl,E,66,T2NM,143T-0349M,4555
25-29,19,Andrew,Neuwirth,D,27,PSM,363Z-0803M,4560
50-54,30,Donald,Walker,M,54,MOST,433G-02NG9,4560
55-59,12,Jon,Olbum,H,55,UNAT,113Z-068AU,4560
25-29,18,Christopher,Lee,A,26,DAM,383P-060MU,4565
40-44,26,David,Edwards,M,43,SCA,333X-03E85,4570
45-49,33,Matt,Kowta,M,46,DAM,383C-03SC1,4570
60-64,6,Frank,Thompson,L,61,MICH,1931-028XC,4570
60-64,6,Joel,Wilson,R,64,CRUZ,3837-03EYR,4570
35-39,16,Adam,Burch,W,37,NEM,023S-06V0N,4575
40-44,25,Michael,Guirl,J,41,MOST,433P-02PWZ,4575
50-54,29,Ron,Collins,L,50,SPM,1438-02RMR,4575
50-54,28,Thomas,Grandine,A,54,PSM,3635-02KGM,4580
45-49,31,Todd,Irmas,E,49,CVMM,333R-061DJ,4595
60-64,5,Thomas,Perrin,C,62,INDY,1638-02AA4,4600
25-29,17,Audie,McRae,L,27,TNYA,063G-069UC,4615
45-49,30,Michael,Hlinka,E,45,SCA,3336-075Z6,4615
40-44,22,Josh,Weinstein,M,40,TPIT,113U-0698D,4620
30-34,11,Weslie,Anderson,E,31,MOST,433E-07PRU,4625
40-44,21,Steven,Shotts,J,42,NCMS,133A-02STC,4625
45-49,28,Kevin,Hunt,J,49,NEM,0231-033H9,4635
35-39,14,Eric,Williams,O,36,NEM,023Y-079S9,4640
40-44,19,Greg,Lendahl,J,43,CRUZ,383G-06S14,4640
18-24,12,Ben,Ungs,R,23,IAMA,403A-07SX2,4650
35-39,13,Brian,Delisle,P,38,SKY,4139-05WGW,4650
40-44,18,Kent,Anderson,A,40,DAM,383P-03WVJ,4650
45-49,25,Robert,Bonsall,A,49,1776,083M-042GW,4650
50-54,24,Peter,Neilley,P,52,NEM,023N-0347H,4650
45-49,24,Gerald,Anderson,E,48,SCA,3334-03AM1,4655
45-49,23,Michael,Mundy,D,48,NEM,023A-07BN2,4660
50-54,23,Larry,Hartley,S,53,NCMS,133X-0240A,4660
25-29,15,Jesse,Heaton,C,28,PSM,363S-060CH,4670
30-34,10,Chris,Castelli,R,34,AGUA,063P-06PZD,4675
50-54,18,Mark,Alexander,E,54,NEM,023M-0341C,4680
50-54,16,Lance,Halsted,E,53,DAM,383T-03GEE,4695
25-29,14,Scott,Mc Inerney,A,26,NEM,023P-06J7R,4700
35-39,11,Christopher,Mc Allister,S,39,SDSM,4438-002P5,4700
50-54,15,Douglas,Bosley,M,50,NEM,0230-033W4,4700
40-44,17,Chris,Pyhel,R,41,SPM,143C-0712K,4715
35-39,10,Erik,VanEtten,J,35,IM,2134-02UJH,4720
45-49,20,Edward,Waldron,C,46,CVMM,333J-02M9W,4720
40-44,16,Scott,Christensen,H,40,NEM,023B-005SP,4725
55-59,9,William,Reeves,W,59,SALT,343C-0310P,4725
55-59,8,Daniel,Kenny,B,55,SMM,383U-03KZW,4745
25-29,13,George,Crocker,H,29,DAM,383E-041MJ,4750
30-34,9,Justin,Brinkmeyer,R,31,NEM,0239-04732,4750
35-39,9,Kevin,Kosiorek,R,35,NEM,023Z-035ZD,4750
40-44,15,David,Polatty,P,42,NEM,023X-081ES,4770
25-29,12,Joshua,Gonzalez,R,25,NEM,023N-079ZS,4775
40-44,14,Donald,Gornto,D,41,SPCO,1432-02U3C,4775
50-54,13,Doug,Portelance,A,54,PSM,363N-02KWX,4775
35-39,8,Brian,Kremers,J,39,LBG,333M-03CD5,4780
50-54,11,Stephen,Washburn,T,54,CALM,383B-03YR6,4785
25-29,11,Eric,O'Loughlin,M,26,NEM,023M-06JHH,4800
35-39,7,Brook,Brayman,T,35,BWAQ,363Z-05U7U,4800
55-59,7,Bryan,Richardson,T,56,1776,0831-0224B,4800
35-39,6,Ken,Petruzzelli,P,39,DAM,3836-03HG6,4805
40-44,9,Jason,McPhate,B,44,CALM,383H-03SEY,4820
45-49,18,Robert,Breitel,E,45,FINS,0833-003WJ,4835
18-24,10,Russell,Newton,W,23,NEM,0232-05ETV,4850
50-54,10,James,Byers,M,51,NIAG,043D-01X2V,4850
25-29,10,Tyler,McGowan,A,25,NCMJ,503W-085MS,4855
25-29,9,Kevin,Mendenhall,C,29,DAM,383Z-048UA,4865
18-24,9,Alex,Snyder,J,23,INDY,1637-07Y0A,4875
50-54,9,Barry,Plaga,J,50,ROSE,333N-03A82,4875
50-54,8,John,Simons,N,52,SHMS,383T-0758R,4880
45-49,16,Kurt,Baron,C,48,VCM,333Y-03BBC,4885
55-59,5,Timothy,Kennedy,C,56,SPM,143H-02RF0,4895
45-49,15,Dennis,Tesch,N,47,UTAH,3435-003XN,4900
50-54,7,James,Biles,B,51,WMAC,2032-0204D,4905
30-34,5,Zachary,Jirkovsky,T,31,VCM,333W-06D6T,4920
55-59,4,Larry,Wood,W,59,TXLA,433C-02NJF,4920
25-29,8,Anthony,Mulloy,H,29,AGUA,0637-076H7,4925
50-54,6,Chris,Tainty,J,52,CRUZ,383C-03JCS,4925
45-49,14,Matthew,Gilson,R,45,NEM,023F-033F6,4935
40-44,7,George,Villarreal,C,41,TULS,2737-00677,4975
40-44,6,William,Sax,C,43,GMUP,103N-0377R,4990
50-54,5,Mark,Evans,E,54,DAM,383J-03J7X,5000
18-24,7,Krish,Rajagopalan,A,21,DAM,3836-0711A,5010
25-29,6,Brendan,Higgins,T,27,DAM,383R-03XC2,5010
30-34,4,Eric,Clarkson,M,30,CRUZ,383U-03XPS,5015
45-49,13,Simon,Millar,A,46,UCLA,3335-03A3H,5025
25-29,5,Andrew,Schaefer,F,29,BUMS,043P-06Z6S,5030
45-49,12,Doug,Koehler,J,46,CVMM,333C-049NA,5030
50-54,4,Stephen,Davis,M,54,SCA,333V-064T4,5040
18-24,5,Chris,Stoner,T,21,DAM,383Y-06NNF,5050
18-24,5,Joey,Nemesi,V,18,ARKM,233M-084DT,5050
35-39,3,Vincent,Visco,M,35,CVMM,333D-066JY,5065
45-49,11,Todd,Arris,E,47,TOC,3832-03H46,5065
35-39,2,Jeffrey,Halbert,B,38,INDY,163U-02AXC,5070
40-44,4,Benjamin,Morse,M,40,MESC,023U-0340N,5070
50-54,3,Christopher,Burke,A,50,SPM,143W-02RPB,5070
45-49,10,Moby,Coquillard,R,49,SMM,383F-03JYW,5090
40-44,3,Mark,Rubacky,S,43,NEM,023N-070MN,5110
18-24,4,Christopher,Guido,J,21,DAM,383F-06Y8F,5150
18-24,3,Yutaro,Sano,A,24,CRUZ,383A-0765F,5160
40-44,2,Stephen,Wukitch,J,44,NEM,023H-07NMN,5185
18-24,2,Jonas,Altman-Kurosaki,Y,24,AGUA,063T-07JK4,5200
50-54,1,Jeffrey,Stuart,S,52,CONN,053K-003NJ,5240
25-29,2,Edward (Ted),Bradley,J,29,SPM,143Y-02TT9,5265
45-49,9,Kenton,Jones,R,45,SDSM,4431-02C8B,5275
30-34,3,Michael,Emmons,J,31,NEM,023C-046M7,5325
30-34,2,Gregory,Danner,M,31,NIAG,043H-01XWE,5350
45-49,8,Hardy,Lussier,C,47,OREG,373W-025VX,5355
55-59,1,Sandy,Mac Donald,M,57,SMST,383G-03H4C,5355
25-29,1,Tobias,Work,T,27,NEM,0235-06GC0,5360
45-49,6,Anders,Rasmussen,M,49,TXLA,433K-02P06,5385
45-49,5,Randy,Eickhoff,M,47,SCA,333S-03BC3,5400
30-34,1,Mark,Callaghan,B,33,DAM,383Y-03JME,5435
45-49,4,Kurt,Dickson,F,45,ARIZ,4835-02EM5,5485
45-49,3,Jeff,Erwin,T,48,BLU,143D-01J0A,5540
18-24,1,Bruce,Deakyne,C,23,PSM,3636-07ZXW,5570
45-49,2,Ricardo,Valdivia,J,48,GOLD,5037-027B2,5585
45-49,1,Mike,Shaffer,G,47,VCM,333S-03B3B,5625
18-24,8,Jeremy,Butz,,24,AGUA,063F-0849U,4925
18-24,11,Edmond,Roche,,20,SCA,3339-075CN,4820
18-24,13,Alexander,Beeman,,23,NEM,023Y-07SEF,4550
18-24,15,Mark,Saroni,,23,MOST,433S-05EJD,4465
18-24,22,Craig,Mitchell,,22,NEM,0238-084YJ,4150
18-24,23,Robinson,Strong,,19,TNYA,063Z-07SK8,4085
18-24,26,Sean,Maynard,,21,NCMS,133T-0729X,3885
18-24,31,Michael,Ambrosio,,24,NEM,0234-07JJ5,3590
18-24,32,David,Benedict,,24,NEM,023R-081G0,3500
18-24,32,Benjamin,Crow,,18,DAM,383A-07X9D,3500
18-24,36,Victor,Romero,,21,AGUA,0635-06PYF,3375
18-24,37,Orlando,Urena,,24,AGUA,063X-077CM,3300
25-29,3,Cameron,Webb,,26,ART,4534-071VA,5160
25-29,4,Win,Chesson,,29,TNYA,063C-03WVC,5060
25-29,7,Christian,Bertram,,27,SMM,383J-07XVU,4965
25-29,16,Justin,Veneklase,,25,MICH,193D-07P9B,4645
25-29,25,Matthew,Stone,,28,SKY,413D-080W9,4375
25-29,25,Luis,Arias,,25,AGUA,063V-07RC5,4375
25-29,27,Satori,Iwamoto,,26,DAM,383J-071VM,4340
25-29,28,Markus,Marty,,29,CHEL,063E-06WZP,4280
25-29,33,Adolfo,Fernandez,,29,NEM,023G-07JHS,4080
25-29,34,Benjamin,Schwessinger,,29,DAM,383G-07EKH,4045
25-29,35,Damon,Bosetti,,28,NEM,023S-05ZM2,4030
25-29,36,Arman,Kayupov,,28,AGUA,063H-06NGP,4000
25-29,39,Tom,Garruto,,25,TNYA,063Z-080GD,3690
25-29,40,Brian,Agee,,29,DAM,3833-07B0X,3550
25-29,42,Patrick,McAlvey,,27,UNAT,063E-082WC,3515
25-29,43,Matland,Peterson,,28,PMST,543W-07JN6,3425
25-29,44,Leonardo,Melendez,,25,AGUA,063H-06PPB,3300
25-29,45,Daniel,Nolan,,28,CVMM,333W-083K1,3250
25-29,48,Patrick,Rogers,,28,DAM,383A-06BG4,2890
30-34,6,David,Miller,,30,DAM,383M-06END,4840
30-34,7,Johnny,van Velthuyzen,,33,PSM,363K-06TTA,4825
30-34,8,Michael,Kleinert,,31,UNAT,4430-05VJR,4775
30-34,12,Jeff,Buhr,,33,SKY,413H-01WSC,4500
30-34,15,Joseph,Bogatko,,33,TULS,273R-07EBM,4400
30-34,17,Robert,Wade,,30,MOST,433E-07SAC,4330
30-34,19,Bertrand,Dehouck,,34,TNYA,0639-04C64,4320
30-34,22,Anthony,Sisti,,31,NEM,023E-07E32,4195
30-34,23,Andy,Grayson,,34,OREG,373A-080Y9,4190
30-34,24,Josh,Green,,33,SLOW,343W-06BWV,4155
30-34,29,Byron,Olsen,,34,OREG,373U-07TCM,4045
30-34,30,Andrew,DiBari,,30,CMYM,093W-0803V,4035
30-34,30,J Daniel,Ferguson,,32,TNYA,063F-080UX,4035
30-34,33,Carlos,Miranda,,31,MOST,433K-085RJ,4000
30-34,37,Hao,Pan,,34,AGUA,063Z-0628J,3900
30-34,43,Henry,Chan,,33,SMM,383Y-03UWX,3715
30-34,44,Oleg,Mustiazza,,34,SMM,383K-06M9Y,3710
30-34,45,Mikhail,Valikhovsky,,33,ART,453N-08077,3695
30-34,46,Ignacio,Castano-Aguado,,32,DAM,3830-06BZT,3665
30-34,52,Longchuan,Li,,34,ART,453D-06TCB,3465
30-34,54,Maarten,Geerts,,33,DAM,383M-07EKD,3400
30-34,56,PJ,Skarlanic,,32,FGM,383V-07WJ8,3270
30-34,57,Seth,Richardson,,34,TNYA,063Z-0834F,3240
30-34,58,Kriss,Kilaru,,31,cibb,0631-07XMY,3020
30-34,63,Herbert,Abrams,,31,MOST,433T-085RC,2225
30-34,64,Dale,Singleton,,30,IMSC,263P-07XWD,1965
35-39,1,Michael,Kiedel,,37,SMM,3832-03R0C,5485
35-39,4,Matt,Miller,,35,OREG,373V-07EEF,4975
35-39,5,Jay,Calvert,,38,NEM,0233-02HYU,4865
35-39,12,Chris,Donnermeyer,,36,OREG,373S-06UPX,4655
35-39,15,Tim,Cutler,,36,DAM,383T-05G0H,4615
35-39,16,Luis,Comulada,,37,GOLD,503J-028F3,4575
35-39,18,Michael,Leake,,35,NEM,023P-07430,4565
35-39,19,Todd,Lantry,,37,OREG,373N-02619,4560
35-39,20,Dave,Jilek,,38,NEM,023C-080B6,4550
35-39,21,Nick,Willis,,35,DAM,383U-062XW,4525
35-39,24,Michael,Waataja,,37,IM,2131-0255N,4445
35-39,27,Doug,Jelen,,39,PSM,363M-02N9A,4320
35-39,28,Rick,Osterberg,,39,NEM,023B-033N8,4300
35-39,29,Timothy,Saunders,,35,IMSC,263R-02UZW,4275
35-39,31,Danat,Benjakul,,37,NEM,023M-0350A,4250
35-39,34,Dave,Titus,,36,NEM,023C-001H4,4200
35-39,36,Scott,Henkel,,38,BUMS,043U-077GP,4195
35-39,40,Brad,Jordan,,38,SCA,333U-07C7D,4120
35-39,41,Todd,Simpson,,35,NEM,0233-0817T,4100
35-39,47,Paul,Widman,,39,SKY,413T-01W2Z,4000
35-39,48,Yong,Yang,,38,HMS,353B-07MKT,3975
35-39,49,Hermes,Reyes Caballero,,37,NCMJ,5036-081VD,3960
35-39,55,Rodrigo,Fernandes,,35,AGUA,063C-082AT,3775
35-39,61,Mario,DeSousa,,37,NEM,023A-07KC3,3575
35-39,63,Neil,Washington,,36,NEM,023C-085MW,3515
35-39,64,Vikram,Mansharamani,,39,NEM,0237-06JGN,3510
35-39,68,Keith,Tamboer,,39,UNAT,0735-07D4N,3425
35-39,70,Sean,Uiterwyk,,38,NEM,0239-06H6D,3335
35-39,72,Oren,Bass,,35,AGUA,063W-07U5X,3225
35-39,75,Joe,Rich,,39,TNYA,063H-07XKK,3125
35-39,76,Guillermo,Nunez,,39,NEM,023D-06RN9,3120
35-39,78,Marlon,Duarte,,37,TSTT,333E-07TRJ,3105
35-39,80,Thomas,Stockl,,38,NEM,0238-075MR,3035
35-39,82,Joseph,Abiog,,39,INDY,163M-07M8T,2975
35-39,84,Fernando,Fontenla,,39,AGUA,063K-07S9V,2925
35-39,85,Michael,Keyser,,39,SRVM,383S-07ZCH,2900
35-39,87,Frank,Garcia,,39,SCA,3331-07WM0,2810
35-39,92,Justin,Prindle,,38,CFSC,2537-084FM,2050
40-44,1,Ethan,Saulnier,,42,NEM,0237-033ZZ,5330
40-44,5,Kirk,Nelson,,42,PSM,363N-02KXZ,5040
40-44,8,Ed,Anthos,,44,NEM,023M-034KY,4850
40-44,10,Albert,Garcia,,42,NEM,0235-0738T,4810
40-44,10,Ernie,Hoftyzer,,43,DAM,383C-03HAR,4810
40-44,12,Mike,Broglio,,41,NEM,023X-035GH,4800
40-44,12,Terry,Frogley,,42,SDSM,443P-02C25,4800
40-44,19,Corey,Dunne,,40,UNAT,213K-080EX,4640
40-44,23,Scott,May,,43,NEM,023F-03AR9,4590
40-44,24,Rick,Woltenberg,,44,RGMS,433F-072EP,4585
40-44,28,Kevin,Joubert,,40,MERR,0931-01VD7,4540
40-44,29,Craig,Hersh,,41,NEM,0236-05SW8,4525
40-44,36,Bradley,Lundblad,,44,MMAC,483R-02FCA,4450
40-44,36,Sergei,Nemirovsky,,40,NEM,0233-06MTR,4450
40-44,40,Omar,Awad,,44,MINN,303N-06GR3,4400
40-44,41,Craig,Crawford,,42,NEM,023Y-03B4F,4370
40-44,42,Dean,Olson,,44,MOST,433M-081R3,4345
40-44,43,Rob,Westergaard,,44,DAM,383Z-03GNF,4340
40-44,46,Eduardo,Cruz,,43,CMS,323X-05XNM,4300
40-44,52,Tom,Schulz,,42,PSM,363J-02KZK,4285
40-44,54,Chris,Burge,,44,NEM,023D-076RZ,4280
40-44,55,Jack,Mackenroth,,43,TNYA,063J-0068N,4250
40-44,56,Andreas,Ladas,,42,NEM,023M-06M66,4240
40-44,57,David,Wilkins,,42,NEM,023M-07EJR,4225
40-44,61,Kaan,Duru,,42,NEM,023W-06GNG,4195
40-44,65,Michael,Jacobson,,44,CMYM,093M-01V74,4155
40-44,69,Rodolfo,Nunez,,42,AGUA,063B-02YYV,4050
40-44,71,Andrew,Willett,,42,TNYA,0638-02Y5F,4030
40-44,72,Scott,Williams,,42,LODI,383Y-07WBE,4025
40-44,73,Shane,Loomis,,40,CVMM,3336-07WBW,4020
40-44,75,Greg,Tull,,44,TAM,3831-072JN,3945
40-44,76,J Scott,Burton,,43,AGUA,063S-04BXK,3925
40-44,77,Doug,Hume,,41,SCA,333C-06KEC,3900
40-44,80,Jay,Colucci,,42,ART,453M-02EJZ,3850
40-44,81,Ioannis,Paschalidis,,44,NEM,023Y-07UCW,3845
40-44,82,Jeff,Holmes,,41,NEM,0230-07NHB,3830
40-44,83,Sisir,Kudva,,44,FREM,383S-03T9G,3800
40-44,83,Tom,Allen,,43,NCMS,1336-073T3,3800
40-44,87,Gen,Watanabe,,44,TNYA,063B-02X96,3790
40-44,90,Mark,Bednorz,,41,OREG,373W-06PF6,3740
40-44,103,Stephen,Foley,,41,NEM,023E-076NX,3550
40-44,108,Ian,Cherkowski,,40,CVMM,333Y-070M1,3495
40-44,113,Ray,Montague,,44,SCA,3336-06N2A,3450
40-44,117,Trent,Hightower,,41,OREG,373T-084ZX,3360
40-44,120,Peter,Cote,,44,NEM,0239-075J6,3325
40-44,124,Alan,Berlin,,44,MOST,4337-085RN,3280
40-44,129,Christian,Coy,,41,SKY,413R-07JNM,3145
40-44,132,Andre,Malz,,41,SRVM,3833-0807G,3080
40-44,133,Michael,McMullen,,44,DAM,3836-081U3,3055
40-44,134,AJ,Springfield,,40,NEM,0234-07HZ2,3000
40-44,138,Tim,Williams,,44,NEM,023W-04756,2915
40-44,139,Erik,Nicholson,,40,IMSC,263P-07XCD,2900
40-44,140,Mark,Janoschak,,44,CFSC,2530-0829S,2820
40-44,141,Ronald,DeMarco,,44,SCA,333R-07N89,2690
45-49,7,Jeffrey,Enright,,46,SMM,383P-0685K,5375
45-49,17,Eric,Marnoch,,46,CVMM,333E-07M01,4850
45-49,19,Mark,Frost,,45,OREG,373X-07KU4,4735
45-49,21,Douglas,Sayles,,45,NEM,023H-063UV,4680
45-49,22,Enrique,Conterno,,46,INDY,1635-07ZB3,4675
45-49,25,Fritz,Bedford,,49,NEM,0231-06131,4650
45-49,27,Mark,Wuttig,,48,CVMM,3337-03CRK,4645
45-49,28,Rick,Stecher,,47,SKY,413D-01WU5,4635
45-49,32,Enrique,Conterno,,46,INDY,1635-07ZB3,4575
45-49,41,Robert,Clayton,,45,SAWS,5937-062GB,4400
45-49,44,Vaughn,Mansmann,,46,MOST,4331-07RZK,4340
45-49,50,Scott,Moffet,,45,CMYM,0939-01V3P,4250
45-49,54,Robert,Carr,,47,NEM,023C-02YER,4210
45-49,57,Cesar,Tomasino,,49,MOST,433A-02P5G,4170
45-49,60,Eric,Schauwecker,,49,CVMM,333U-05V8E,4150
45-49,64,Tracy,Fromm,,46,UNAT,373K-08415,4110
45-49,66,Jimmy,Kantor,,48,NEM,023K-081CG,4090
45-49,69,Robert,Gerber,,45,NEM,023P-05UHP,4050
45-49,72,Karl,Schuler,,46,FCST,253U-01ZMZ,4025
45-49,72,Trent,Theroux,,45,NEM,023K-05J76,4025
45-49,75,Kerry,O'Shea,,46,CVMM,333T-07763,4015
45-49,78,Kim,Bauer,,48,MPM,383V-06DVX,3950
45-49,87,Steven,Olson,,45,OREG,373Y-06ACY,3830
45-49,88,Cliff,Miller,,46,ART,453G-02EEE,3825
45-49,93,Fernando,Mejia,,48,TSTT,333D-085JH,3775
45-49,95,Tim,Mc Lain,,45,SCA,3332-06039,3760
45-49,96,Frankie,Ayres,,49,CVMM,333N-064RU,3750
45-49,98,Gabor,Lengyel,,49,SMM,383V-03RC2,3745
45-49,100,Jeff,Cooperman,,45,TAM,3833-07ZGT,3735
45-49,100,Patrick,McDermot,,47,NEM,0232-07MXT,3735
45-49,104,Raymond,Toy,,46,CMYM,093J-01V4M,3695
45-49,105,Erik,Vink,,48,DAM,3835-03GDK,3675
45-49,110,Steve,McAdams,,48,LOM,3835-073DM,3605
45-49,111,Akiharu,Miyagi,,49,,-,3595
45-49,111,Clint,Bogard,,45,OREG,3731-07KMP,3595
45-49,115,Joe,Gordon,,48,NEM,023R-06WJ6,3575
45-49,117,Talbott,Crowell,,45,NEM,023W-082ZS,3550
45-49,117,Philippe,Homassel,,46,CMYM,0938-04RCP,3550
45-49,121,Ray,Konishi,,46,,-,3540
45-49,125,Augustine,Torres,,46,DAM,3837-07VP7,3445
45-49,127,Joe,Garcia,,45,SCA,333S-06KWE,3415
45-49,130,Andreas,Kaubisch,,48,cibb,063C-06CRB,3355
45-49,132,J Chris,Barber,,48,EDIN,303E-025DC,3300
45-49,132,Sinisa,Novakovic,,45,DAM,3832-03FZK,3300
45-49,136,Richard,Iazzetta,,49,SCA,333X-06GYY,3275
45-49,137,Heiko,Pohl,,47,NEM,023D-085MC,3260
45-49,144,Miyuki,Miyagi,,48,,-,3050
45-49,148,Joe,Griczika,,49,NEM,023D-06BSU,3000
45-49,150,Jack,Defandorf,,48,NEM,023A-034WX,2970
45-49,152,David,Sobel,,47,NEM,0236-085H2,2910
45-49,154,Jim,Ustasiewski,,49,AKMS,5637-07ZKE,2835
45-49,155,David,Kohrell,,47,LMAO,293J-07PH4,2820
45-49,158,Alister,Ramirez-Marquez,,47,AGUA,063H-06KWM,2650
45-49,160,Allan,Crow,,49,DAM,383K-071EP,2500
45-49,161,Jeff,Wilson,,47,NEM,023M-083NN,2490
45-49,162,Ben,Galego,,45,NEM,023C-08294,2460
50-54,2,Patrick,Autissier,,50,NEM,023H-06REW,5190
50-54,12,Daniel,Wirls,,52,CRUZ,3839-03HDR,4780
50-54,14,Clay,Gilbert,,53,SKY,4137-01W8C,4765
50-54,17,Seth,Hoff,,50,IM,213D-003C9,4690
50-54,18,Michael,Johmann,,51,SKY,413H-01WFK,4680
50-54,20,Stuart,Burdette,,50,SCA,3335-06ZCT,4675
50-54,21,Andrew,MacNaughton,,50,CVMM,333X-07M50,4670
50-54,22,Jim,McIntyre,,50,NEM,0230-033CN,4665
50-54,25,Chris,Layton,,54,IM,213X-02VAE,4620
50-54,26,John,McClellan,,51,NEM,0232-07N8N,4610
50-54,27,Marc,Campbell,,50,ARKM,2338-075B8,4600
50-54,31,Mike,Booth,,51,ARKM,233C-01K62,4555
50-54,35,Mark,Doyle,,53,NCMS,1334-023Y2,4475
50-54,35,David,Sebastian,,51,IM,2137-02WHJ,4475
50-54,41,Steve,Schiemann,,50,IMSC,2636-04G1F,4425
50-54,44,Luke,Claus,,54,SCA,333Y-064A3,4385
50-54,44,Stephen,Bianchi,,51,CALM,383D-07F57,4385
50-54,51,Michael,Dignan,,53,NEM,023X-046VW,4350
50-54,58,Chris,Burke,,52,NEM,0230-01SAY,4275
50-54,58,Doug,Williams,,54,MICH,193U-028YA,4275
50-54,66,Ed,O'Malley,,50,CMYM,0931-0632W,4185
50-54,68,Ted,McGahie,,53,NEM,023W-034K5,4175
50-54,68,Terry,Kruse,,53,MICH,193D-0724V,4175
50-54,72,Jonathan,Chatinover,,51,NEM,0238-07MX0,4150
50-54,73,Philip,Cullen,,51,SKY,4136-01WEH,4135
50-54,79,Russell,Forman,,51,NEM,023S-033X3,4065
50-54,82,Curtis,Whittaker,,52,NEM,023U-033J7,4020
50-54,83,Jim,Hanton,,52,NSAC,303E-07FA5,4005
50-54,85,Phil,Brown,,51,NEM,0233-034NG,4000
50-54,85,John,Voorhees,,54,SKY,4138-01W8D,4000
50-54,91,Dan,Honious,,52,UNAT,2233-069FX,3975
50-54,96,Stuart,Jones,,53,NAAC,0934-07CTX,3925
50-54,96,James,Fetter,,51,GOLD,503J-027CH,3925
50-54,99,Michael,Bickel,,52,KMAN,3333-05F08,3915
50-54,99,Mark,Sandt,,53,NEM,023S-072V8,3915
50-54,101,Jeff,Everett,,52,SERC,3830-041S8,3900
50-54,105,Andy,McCutcheon,,51,AGUA,063B-07D4P,3840
50-54,106,Kirk,Frambes,,53,MOST,433C-06P9A,3835
50-54,109,Nelson,Chafetz,,53,TXLA,433P-02P57,3785
50-54,111,Mitch,Roob,,51,INDY,163B-02ANK,3750
50-54,117,Stephen,Smith,,50,NEM,023W-061S0,3680
50-54,119,Dave,Bursin,,52,SCA,333W-07PYU,3670
50-54,124,Paul,Moylan,,50,DAM,383D-04185,3625
50-54,130,Peter,Tsugawa,,54,MEMO,3833-07N2N,3595
50-54,132,Philip,Harasz,,54,SPM,1432-07GD6,3525
50-54,132,Lou,Hill,,54,,-,3525
50-54,134,Carey,Callaghan,,51,NEM,023W-046WE,3515
50-54,135,Simon,Thornton,,53,WAVA,123F-02NFX,3510
50-54,137,Thomas,Jung,,50,ART,453P-02EA5,3500
50-54,144,Bill,Turner,,50,CVMM,3339-06XBY,3425
50-54,148,Ken,Muller,,53,OREG,373J-076BD,3400
50-54,150,Anker,Lerret,,54,NEM,0230-035PX,3375
50-54,150,Andrew,Pierce,,51,NEM,0239-04711,3375
50-54,153,Robert,Inchausti,,50,MEMO,383M-084UG,3355
50-54,158,Tom,Berube,,50,SCA,333E-08578,3310
50-54,164,Steve,Reynolds,,54,DAM,383X-07KEV,3235
50-54,166,Bill,Sive,,51,LBG,333M-06G8H,3150
50-54,168,Steve,Hiller,,53,NEM,023U-07U7W,3100
50-54,174,Paul,Arsenault,,51,NEM,023H-05HAY,3000
50-54,174,Gregory,Molotky,,51,DAM,383A-07SPD,3000
50-54,176,Chuck,Walker,,53,NCMJ,503V-07NN9,2970
50-54,179,Norm,Carbonneau,,51,NEM,023Y-07MNU,2890
50-54,188,Alp,Dedeoglu,,50,NEM,0235-084WE,2585
50-54,190,Paul,Wood,,51,TULS,273X-08363,2450
50-54,193,Roger,Clark,,54,NEM,023N-07KCC,1730
55-59,2,Jim,Sauer,,55,TXLA,4339-06N4M,5205
55-59,3,Jamie,Hemmerle,,57,1776,083P-0227Z,4935
55-59,6,Dick,Worrel,,59,TXLA,433N-02NHM,4830
55-59,9,Ron,Emhoff,,57,TVM,383Y-03F0X,4725
55-59,11,Barney,Heller,,58,1776,083F-0220N,4620
55-59,13,Geoff,Spellberg,,56,TAM,3834-03VD8,4525
55-59,15,Eric,Durban,,57,BWAQ,3636-02KPA,4520
55-59,17,Phil,Sidenberg,,56,SCA,333D-03AYK,4510
55-59,22,Joe,Aumiller,,55,MICH,1939-029JT,4465
55-59,25,Dave,Welch,,56,NEM,023Z-0342K,4420
55-59,27,Tom,Phipps,,59,OREG,3732-075TR,4385
55-59,29,Mark,Wright,,59,MERR,0934-01V96,4380
55-59,31,Bill,Davis,,55,NEM,023J-046V8,4330
55-59,34,John,Kuzmkowski,,59,ALMT,1139-06Y3E,4290
55-59,37,Doug,Uzelac,,55,UNAT,1936-08420,4260
55-59,38,Tom,Schmaltz,,59,GAJA,453H-02DCZ,4255
55-59,41,David,Bright,,59,NEM,023M-033Y9,4200
55-59,51,Ed,Ramsey,,56,OREG,373Z-025V9,4125
55-59,58,Jim,Robinson,,55,NEM,023Z-04786,4085
55-59,61,George,Van Meter,,57,SKY,4136-01W3S,4070
55-59,65,Andy,Mascheroni,,55,TAM,3837-03SM3,4040
55-59,66,Chuck,Burr,,55,RIDG,263W-02G66,4035
55-59,68,Al,Wright,,55,DAM,3834-03HC1,4020
55-59,76,Tripp,Blair,,58,NEM,023D-035WF,3905
55-59,77,Dan,Underbrink,,56,PSM,363T-06G3S,3870
55-59,79,Doug,Fyffe,,56,NEM,0232-07PTM,3850
55-59,82,Steve,Kolis,,57,NEM,023V-01M7A,3805
55-59,84,Douglas,Shemin,,57,NEM,0230-06J6M,3800
55-59,85,Ken,Godin,,59,MICH,193T-080VN,3790
55-59,88,John,Lomasney,,55,BUMS,0437-01XVD,3770
55-59,100,Itzhak,Reichman,,55,MOST,433F-06PJP,3635
55-59,104,Mike,Taber,,55,ADMS,0335-01MDG,3595
55-59,105,Gerry,Hill,,56,OREG,373E-071XV,3580
55-59,107,Sergio,Silva,,57,TAM,3837-03JXM,3570
55-59,107,Craig,Mohler,,58,PSM,3638-082T7,3570
55-59,115,Rick,Sam,,58,NEM,0235-0351D,3500
55-59,115,Mark,Mershon,,57,IM,213F-02X4X,3500
55-59,121,Steven,Allen,,55,NEM,023T-07MPG,3355
55-59,124,Jerry,McHugh,,55,CMS,3230-030BB,3335
55-59,126,Jay,Garrett,,55,NEM,023W-083FS,3310
55-59,127,Steve,Hunt,,55,NEM,023P-035T0,3275
55-59,130,John,Jayne,,57,NEM,023C-085H8,3220
55-59,132,Hugh,Duffy,,57,CMS,323J-031Y1,3200
55-59,137,Corky,Ingraham,,56,MOST,433S-07FMZ,3120
55-59,139,Mark,Lane,,55,OREG,373P-06R2Y,3055
55-59,142,Stephen,Darnell,,58,OREG,373J-025V6,3025
55-59,142,Dan,Geist,,55,NEM,023X-034Z1,3025
55-59,145,Brian,Tomikawa,,59,ROSE,333V-049SE,3005
55-59,146,Kevin,Lane,,56,SCA,333W-03BXD,3000
55-59,146,Frank,Troiano,,58,INDY,163F-02B9U,3000
55-59,146,Roland,Bartl,,56,NEM,023T-046WH,3000
55-59,157,Byron,Philleo,,58,DAM,383E-06NA8,2825
55-59,159,David,Pierce,,59,MOST,433J-085RK,2695
55-59,165,Martin,Watkins,,59,CIBB,063S-06BBM,2500
55-59,165,Donald,Graber,,58,NEM,0230-07GWC,2500
55-59,169,Chao-Chun,Wang,,57,DAM,3834-07F0A,2220
55-59,170,Don,Levy,,57,SCA,333A-076KD,2075
60-64,1,Jim,Mc Conica,,62,VCM,333T-03B07,5120
60-64,2,James,Thornton,,60,1776,0834-01JFR,4840
60-64,3,Hubie,Kerns,,63,VCM,333J-03CVP,4770
60-64,4,John,Maclennan,,61,NEM,023K-078P3,4625
60-64,20,Dan,Beisel,,60,CMYM,093F-01V6Z,4140
60-64,21,Jack,Cothren,,63,BUMS,043M-02ZMJ,4110
60-64,24,Pat,Marzulli,,64,SPM,143F-02RMY,4075
60-64,29,Mark,Woerner,,61,DAM,383R-05GHM,4000
60-64,31,Bill,Ryan,,62,NEM,023K-06JH3,3900
60-64,33,Scot,Kendall,,62,CRUZ,383E-065UR,3885
60-64,37,John,Flannigan,,62,SMM,383X-03JAN,3840
60-64,38,Brett,Stone,,64,DAM,383X-03KFT,3825
60-64,40,Fred,Dalby,,63,NEM,023G-033FF,3795
60-64,44,Lonnie,Valentine,,64,EAM,163A-082BP,3715
60-64,48,Dave,Jones,,60,NEM,0234-074WC,3600
60-64,50,Steve,Bowerman,,61,CVMM,333H-06Z85,3550
60-64,51,Thomas,Mester,,61,SKY,4135-01W36,3540
60-64,53,Henry,Greenberg,,64,NOVA,333D-03A2S,3515
60-64,57,Mark,Payne,,63,MICH,193U-085PC,3450
60-64,57,Michael,Biggs,,64,FMM,143J-02TJE,3450
60-64,57,Mike,Zappas,,61,KMAN,333K-05F0A,3450
60-64,60,Alfredo,Morabia,,60,TNYA,063G-05ZSM,3445
60-64,61,James,Hanken,,60,NEM,023Y-03368,3425
60-64,62,Bob,Levi,,60,SMM,383T-06WNC,3370
60-64,62,Stephan,Russo,,61,TNYA,063R-06ZNW,3370
60-64,65,Masao,Miyasaka,,62,,-,3355
60-64,68,Douglas,Smith,,62,NEM,023G-0472G,3325
60-64,72,Paul,Talewsky,,62,NEM,023N-07K99,3315
60-64,77,Gord,Kissman,,62,,-,3200
60-64,77,Jim,Cunning,,60,INDY,163D-02ASS,3200
60-64,79,John,Pfeifer,,61,AKMS,5632-05XPX,3195
60-64,82,Edward,Mierjeski,,62,OREG,373B-026XD,3140
60-64,84,Jack,Stabach,,64,NEM,023A-01SEU,3110
60-64,86,Marc,Binenfeld,,62,UCLA,3330-03CGN,3050
60-64,89,Ken,Phillips,,63,NEM,023V-0470M,3000
60-64,89,Chris,Reidy,,60,NEM,023B-082HV,3000
60-64,91,Doug,Kopp,,63,SMS,243D-04DWT,2960
60-64,93,Rob,Schiller,,61,NEM,023D-07B8T,2800
60-64,100,Larry,Buthmann,,63,NEM,0231-035ZP,2435
60-64,101,John,Kelly,,63,SCA,333C-06V8Z,2400
65-69,3,Jon,Shastid,,65,SKY,413S-01W30,4455
65-69,4,Hugh,Wilder,,65,SRM,383P-01GWW,4445
65-69,5,Richard,Burns,,69,TAM,383M-03FZ4,4345
65-69,7,Rich,Bernstein,,66,AGUA,063Y-0301W,4300
65-69,15,Bill,Ewan,,69,NEM,023X-01SBS,3990
65-69,17,Jay,Jones,,66,NEM,0233-034YT,3955
65-69,18,Bren,Hirschberg,,67,OREG,3737-06MC1,3920
65-69,21,Donn,Livoni,,66,MM,313V-025UR,3850
65-69,22,Jack,Hall,,65,NEM,023X-065TX,3840
65-69,30,Scott,Woodburn,,69,GOLD,503U-0280D,3625
65-69,31,Richard,Mazey,,65,SPAW,153H-0441A,3600
65-69,34,Bob,Husson,,67,NCMS,1339-023NF,3545
65-69,35,Rick,Meyerhoff,,65,TAM,383S-03N8M,3500
65-69,39,Ron,Donelson,,67,NEM,023J-07B5Z,3425
65-69,39,Phil,Wright,,65,NEM,023D-05R5A,3425
65-69,39,Jeffrey,Ruda,,65,DAM,383K-03GF5,3425
65-69,43,Mario,Gerla,,69,UCLA,333B-03AEH,3400
65-69,44,Pieter,Stroeve,,67,DAM,383T-03HFY,3365
65-69,47,Roland,Crotts,,69,TAM,383A-03GB6,3325
65-69,49,Jon,Richards,,68,OREG,373B-07HYA,3250
65-69,53,John,Foges,,68,OREG,373G-026R3,3200
65-69,56,Jim,Becker,,67,ADMS,033X-01MF6,3185
65-69,63,Brad,Tomlinson,,68,NEM,023Z-033ZG,3045
65-69,65,Al,Hester,,65,MINN,3039-06PK1,2950
65-69,68,John,Philip,,69,NEM,0238-06U2F,2545
65-69,73,John,Hannon,,69,MARY,093J-07ZWY,2240
65-69,74,Noel,Duncan,,65,UNAT,253D-07JS5,2200
65-69,76,Jim,O'Donnell,,68,NEM,023E-0345B,2100
70-74,1,Tom,Landis,,70,OREG,373U-025X1,4325
70-74,2,Erik,Lokensgard,,70,MICH,1937-02959,4070
70-74,4,Ralph,Mohr,,71,OREG,373J-0261C,3950
70-74,5,Tom,Tulenko,,70,1776,0830-0229G,3835
70-74,11,Dave,Casebolt,,71,IM,213C-02UGS,3630
70-74,16,Roland,Crotts,,70,TAM,383A-03GB6,3320
70-74,24,Nicholas,Ribush,,71,NEM,023B-07TUB,3060
70-74,26,Jack,Fife,,72,INDY,163E-02AKK,3000
70-74,26,Dick,Hutchings,,71,NEM,0234-07HTD,3000
70-74,32,Bill,Mellow,,71,OREG,3732-0265Y,2925
70-74,37,Patrick,Cannan,,72,NCMJ,503X-07KE4,2750
70-74,38,Les,Cutler,,70,NEM,0238-046WV,2725
70-74,39,Ervin,Kroeker,,72,TCAM,383M-0418C,2710
70-74,40,Burt,Strom,,70,NEM,023H-0344J,2670
70-74,41,Ben,Wright,,70,TAM,3836-03GW3,2590
75-79,12,Bob,Parker,,75,ARIZ,483Z-07HSJ,2540
75-79,15,Herbert,Stone,,78,LOM,383A-03FN0,2360
75-79,16,Jim,Hopp,,77,ARIZ,483T-06J30,2245
75-79,18,Mark,Braly,,77,DAM,383U-074M1,2225
80-84,4,H. William,Burgess,,83,HIMA,393V-06ZUB,2750
80-84,6,Lou,Brown,,80,FXCM,103M-0369B,2600
80-84,11,Tom,Wilson,,82,NEM,023W-046J5,2150
80-84,14,Keith,Burbridge,,84,FMM,1430-02RNG,1285
85-89,1,Mo,Mathews,,85,HIMA,393Y-0203U,2660
85-89,4,John,Longo,,88,ARIZ,483Z-07JKB,2100
90-94,1,E Ole,Larson,,91,NCMS,133N-023UX,2330
